Nome da campanha,Nome do conjunto de anúncios,Nome do anúncio,Dia,Valor usado (BRL),Impressões,Alcance,Cliques no link,Resultados,Frequência,CTR (taxa de cliques no link),Custo por resultado
Matrícula trancada — agendar conversa,Topo de funil — interesses educação 22-40 RMSP,1-A · Sua graduação ainda está disponível,2026-10-07,"26,60",1523,756,24,1,"2,01","1,58","26,60"
Matrícula trancada — agendar conversa,Topo de funil — interesses educação 22-40 RMSP,1-A · Sua graduação ainda está disponível,2026-10-08,"34,49",1794,855,32,1,"2,10","1,78","34,49"
Matrícula trancada — agendar conversa,Topo de funil — interesses educação 22-40 RMSP,1-A · Sua graduação ainda está disponível,2026-10-09,"39,03",2234,1020,41,2,"2,19","1,84","19,52"
Matrícula trancada — agendar conversa,Topo de funil — interesses educação 22-40 RMSP,1-A · Sua graduação ainda está disponível,2026-10-10,"45,56",3000,1495,46,2,"2,01","1,53","22,78"
Matrícula trancada — agendar conversa,Topo de funil — interesses educação 22-40 RMSP,1-A · Sua graduação ainda está disponível,2026-10-11,"50,98",2717,1297,42,1,"2,09","1,55","50,98"
Matrícula trancada — agendar conversa,Topo de funil — interesses educação 22-40 RMSP,1-A · Sua graduação ainda está disponível,2026-10-12,"53,96",2850,1352,50,2,"2,11","1,75","26,98"
Matrícula trancada — agendar conversa,Topo de funil — interesses educação 22-40 RMSP,1-A · Sua graduação ainda está disponível,2026-10-13,"53,70",3094,1473,51,2,"2,10","1,65","26,85"
Matrícula trancada — agendar conversa,Topo de funil — interesses educação 22-40 RMSP,1-A · Sua graduação ainda está disponível,2026-10-14,"49,53",3158,1578,51,2,"2,00","1,61","24,77"
Matrícula trancada — agendar conversa,Topo de funil — interesses educação 22-40 RMSP,1-A · Sua graduação ainda está disponível,2026-10-15,"37,94",2070,965,31,2,"2,15","1,50","18,97"
Matrícula trancada — agendar conversa,Topo de funil — interesses educação 22-40 RMSP,1-A · Sua graduação ainda está disponível,2026-10-16,"36,00",2194,1033,38,1,"2,12","1,73","36,00"
Matrícula trancada — agendar conversa,Topo de funil — interesses educação 22-40 RMSP,1-A · Sua graduação ainda está disponível,2026-10-17,"45,28",2577,1277,44,2,"2,02","1,71","22,64"
Matrícula trancada — agendar conversa,Topo de funil — interesses educação 22-40 RMSP,1-A · Sua graduação ainda está disponível,2026-10-18,"55,18",2877,1388,55,1,"2,07","1,91","55,18"
Matrícula trancada — agendar conversa,Topo de funil — interesses educação 22-40 RMSP,1-A · Sua graduação ainda está disponível,2026-10-19,"55,04",3173,1581,57,1,"2,01","1,80","55,04"
Matrícula trancada — agendar conversa,Topo de funil — interesses educação 22-40 RMSP,1-A · Sua graduação ainda está disponível,2026-10-20,"51,65",2769,1261,53,1,"2,20","1,91","51,65"
Matrícula trancada — agendar conversa,Topo de funil — interesses educação 22-40 RMSP,1-B · Quem parou os estudos pode recomeçar,2026-10-07,"22,09",1135,324,13,0,"3,50","1,15","0,00"
Matrícula trancada — agendar conversa,Topo de funil — interesses educação 22-40 RMSP,1-B · Quem parou os estudos pode recomeçar,2026-10-08,"28,44",1348,393,14,0,"3,43","1,04","0,00"
Matrícula trancada — agendar conversa,Topo de funil — interesses educação 22-40 RMSP,1-B · Quem parou os estudos pode recomeçar,2026-10-09,"36,09",1880,542,21,0,"3,47","1,12","0,00"
Matrícula trancada — agendar conversa,Topo de funil — interesses educação 22-40 RMSP,1-B · Quem parou os estudos pode recomeçar,2026-10-10,"39,24",2233,666,19,1,"3,35","0,85","39,24"
Matrícula trancada — agendar conversa,Topo de funil — interesses educação 22-40 RMSP,1-B · Quem parou os estudos pode recomeçar,2026-10-11,"42,06",2183,660,23,1,"3,31","1,05","42,06"
Matrícula trancada — agendar conversa,Topo de funil — interesses educação 22-40 RMSP,1-B · Quem parou os estudos pode recomeçar,2026-10-12,"43,07",2201,653,23,1,"3,37","1,04","43,07"
Matrícula trancada — agendar conversa,Topo de funil — interesses educação 22-40 RMSP,1-B · Quem parou os estudos pode recomeçar,2026-10-13,"43,03",2272,699,24,1,"3,25","1,06","43,03"
Matrícula trancada — agendar conversa,Topo de funil — interesses educação 22-40 RMSP,1-B · Quem parou os estudos pode recomeçar,2026-10-14,"43,97",2050,582,26,1,"3,52","1,27","43,97"
Matrícula trancada — agendar conversa,Topo de funil — interesses educação 22-40 RMSP,1-B · Quem parou os estudos pode recomeçar,2026-10-15,"23,06",1173,353,15,0,"3,32","1,28","0,00"
Matrícula trancada — agendar conversa,Topo de funil — interesses educação 22-40 RMSP,1-B · Quem parou os estudos pode recomeçar,2026-10-16,"23,82",1263,375,12,0,"3,37","0,95","0,00"
Matrícula trancada — agendar conversa,Topo de funil — interesses educação 22-40 RMSP,1-B · Quem parou os estudos pode recomeçar,2026-10-17,"27,94",1708,489,17,0,"3,49","1,00","0,00"
Matrícula trancada — agendar conversa,Topo de funil — interesses educação 22-40 RMSP,1-B · Quem parou os estudos pode recomeçar,2026-10-18,"35,91",1833,528,17,1,"3,47","0,93","35,91"
Matrícula trancada — agendar conversa,Topo de funil — interesses educação 22-40 RMSP,1-B · Quem parou os estudos pode recomeçar,2026-10-19,"33,68",1775,525,22,1,"3,38","1,24","33,68"
Matrícula trancada — agendar conversa,Topo de funil — interesses educação 22-40 RMSP,1-B · Quem parou os estudos pode recomeçar,2026-10-20,"31,85",1864,532,15,0,"3,50","0,80","0,00"
Matrícula trancada — agendar conversa,Meio de funil — engajou 30d,2-A · Retomar é mais simples do que parece,2026-10-07,"20,53",1012,426,14,1,"2,38","1,38","20,53"
Matrícula trancada — agendar conversa,Meio de funil — engajou 30d,2-A · Retomar é mais simples do que parece,2026-10-08,"24,97",1374,621,21,1,"2,21","1,53","24,97"
Matrícula trancada — agendar conversa,Meio de funil — engajou 30d,2-A · Retomar é mais simples do que parece,2026-10-09,"32,83",1744,731,19,1,"2,39","1,09","32,83"
Matrícula trancada — agendar conversa,Meio de funil — engajou 30d,2-A · Retomar é mais simples do que parece,2026-10-10,"39,78",2099,955,22,1,"2,20","1,05","39,78"
Matrícula trancada — agendar conversa,Meio de funil — engajou 30d,2-A · Retomar é mais simples do que parece,2026-10-11,"41,28",2322,991,33,1,"2,34","1,42","41,28"
Matrícula trancada — agendar conversa,Meio de funil — engajou 30d,2-A · Retomar é mais simples do que parece,2026-10-12,"43,54",2430,1099,32,1,"2,21","1,32","43,54"
Matrícula trancada — agendar conversa,Meio de funil — engajou 30d,2-A · Retomar é mais simples do que parece,2026-10-13,"43,08",2404,1030,30,1,"2,33","1,25","43,08"
Matrícula trancada — agendar conversa,Meio de funil — engajou 30d,2-A · Retomar é mais simples do que parece,2026-10-14,"41,55",2084,932,30,1,"2,24","1,44","41,55"
Matrícula trancada — agendar conversa,Meio de funil — engajou 30d,2-A · Retomar é mais simples do que parece,2026-10-15,"30,62",1576,691,21,1,"2,28","1,33","30,62"
Matrícula trancada — agendar conversa,Meio de funil — engajou 30d,2-A · Retomar é mais simples do que parece,2026-10-16,"28,77",1663,751,21,1,"2,21","1,26","28,77"
Matrícula trancada — agendar conversa,Meio de funil — engajou 30d,2-A · Retomar é mais simples do que parece,2026-10-17,"38,86",2051,886,28,1,"2,31","1,37","38,86"
Matrícula trancada — agendar conversa,Meio de funil — engajou 30d,2-A · Retomar é mais simples do que parece,2026-10-18,"44,78",2102,923,30,1,"2,28","1,43","44,78"
Matrícula trancada — agendar conversa,Meio de funil — engajou 30d,2-A · Retomar é mais simples do que parece,2026-10-19,"46,40",2420,1064,35,1,"2,27","1,45","46,40"
Matrícula trancada — agendar conversa,Meio de funil — engajou 30d,2-A · Retomar é mais simples do que parece,2026-10-20,"38,55",2131,943,26,1,"2,26","1,22","38,55"
Matrícula trancada — agendar conversa,Meio de funil — engajou 30d,2-B · Entenda suas opções com uma conversa,2026-10-07,"19,29",1126,560,17,0,"2,01","1,51","0,00"
Matrícula trancada — agendar conversa,Meio de funil — engajou 30d,2-B · Entenda suas opções com uma conversa,2026-10-08,"23,77",1305,648,21,1,"2,01","1,61","23,77"
Matrícula trancada — agendar conversa,Meio de funil — engajou 30d,2-B · Entenda suas opções com uma conversa,2026-10-09,"29,72",1647,830,22,1,"1,98","1,34","29,72"
Matrícula trancada — agendar conversa,Meio de funil — engajou 30d,2-B · Entenda suas opções com uma conversa,2026-10-10,"33,18",2118,1096,30,1,"1,93","1,42","33,18"
Matrícula trancada — agendar conversa,Meio de funil — engajou 30d,2-B · Entenda suas opções com uma conversa,2026-10-11,"35,37",2038,1014,29,1,"2,01","1,42","35,37"
Matrícula trancada — agendar conversa,Meio de funil — engajou 30d,2-B · Entenda suas opções com uma conversa,2026-10-12,"37,71",2339,1169,30,1,"2,00","1,28","37,71"
Matrícula trancada — agendar conversa,Meio de funil — engajou 30d,2-B · Entenda suas opções com uma conversa,2026-10-13,"38,98",2162,1035,26,1,"2,09","1,20","38,98"
Matrícula trancada — agendar conversa,Meio de funil — engajou 30d,2-B · Entenda suas opções com uma conversa,2026-10-14,"32,62",2170,1093,28,1,"1,99","1,29","32,62"
Matrícula trancada — agendar conversa,Meio de funil — engajou 30d,2-B · Entenda suas opções com uma conversa,2026-10-15,"24,77",1471,732,19,1,"2,01","1,29","24,77"
Matrícula trancada — agendar conversa,Meio de funil — engajou 30d,2-B · Entenda suas opções com uma conversa,2026-10-16,"23,98",1381,659,22,1,"2,10","1,59","23,98"
Matrícula trancada — agendar conversa,Meio de funil — engajou 30d,2-B · Entenda suas opções com uma conversa,2026-10-17,"33,80",2045,1054,32,1,"1,94","1,56","33,80"
Matrícula trancada — agendar conversa,Meio de funil — engajou 30d,2-B · Entenda suas opções com uma conversa,2026-10-18,"36,57",2270,1099,27,1,"2,07","1,19","36,57"
Matrícula trancada — agendar conversa,Meio de funil — engajou 30d,2-B · Entenda suas opções com uma conversa,2026-10-19,"41,03",2228,1089,32,1,"2,05","1,44","41,03"
Matrícula trancada — agendar conversa,Meio de funil — engajou 30d,2-B · Entenda suas opções com uma conversa,2026-10-20,"36,62",2232,1145,30,1,"1,95","1,34","36,62"
Matrícula trancada — agendar conversa,Fundo de funil — visitou formulário 14d,3-A · Preencha o formulário em 2 minutos,2026-10-07,"20,58",1073,415,11,0,"2,59","1,03","0,00"
Matrícula trancada — agendar conversa,Fundo de funil — visitou formulário 14d,3-A · Preencha o formulário em 2 minutos,2026-10-08,"24,62",1526,588,13,0,"2,60","0,85","0,00"
Matrícula trancada — agendar conversa,Fundo de funil — visitou formulário 14d,3-A · Preencha o formulário em 2 minutos,2026-10-09,"31,69",1915,741,16,1,"2,58","0,84","31,69"
Matrícula trancada — agendar conversa,Fundo de funil — visitou formulário 14d,3-A · Preencha o formulário em 2 minutos,2026-10-10,"33,94",2221,849,20,1,"2,62","0,90","33,94"
Matrícula trancada — agendar conversa,Fundo de funil — visitou formulário 14d,3-A · Preencha o formulário em 2 minutos,2026-10-11,"37,38",2526,981,25,1,"2,57","0,99","37,38"
Matrícula trancada — agendar conversa,Fundo de funil — visitou formulário 14d,3-A · Preencha o formulário em 2 minutos,2026-10-12,"42,37",2358,909,25,1,"2,59","1,06","42,37"
Matrícula trancada — agendar conversa,Fundo de funil — visitou formulário 14d,3-A · Preencha o formulário em 2 minutos,2026-10-13,"36,67",2312,861,23,1,"2,69","0,99","36,67"
Matrícula trancada — agendar conversa,Fundo de funil — visitou formulário 14d,3-A · Preencha o formulário em 2 minutos,2026-10-14,"34,72",2371,840,22,0,"2,82","0,93","0,00"
Matrícula trancada — agendar conversa,Fundo de funil — visitou formulário 14d,3-A · Preencha o formulário em 2 minutos,2026-10-15,"27,67",1799,642,14,0,"2,80","0,78","0,00"
Matrícula trancada — agendar conversa,Fundo de funil — visitou formulário 14d,3-A · Preencha o formulário em 2 minutos,2026-10-16,"27,39",1703,643,17,0,"2,65","1,00","0,00"
Matrícula trancada — agendar conversa,Fundo de funil — visitou formulário 14d,3-A · Preencha o formulário em 2 minutos,2026-10-17,"37,63",1950,702,20,0,"2,78","1,03","0,00"
Matrícula trancada — agendar conversa,Fundo de funil — visitou formulário 14d,3-A · Preencha o formulário em 2 minutos,2026-10-18,"42,02",2513,933,25,1,"2,69","0,99","42,02"
Matrícula trancada — agendar conversa,Fundo de funil — visitou formulário 14d,3-A · Preencha o formulário em 2 minutos,2026-10-19,"41,37",2491,954,26,1,"2,61","1,04","41,37"
Matrícula trancada — agendar conversa,Fundo de funil — visitou formulário 14d,3-A · Preencha o formulário em 2 minutos,2026-10-20,"40,86",2558,950,22,0,"2,69","0,86","0,00"
Matrícula trancada — agendar conversa,Fundo de funil — visitou formulário 14d,3-B · Viu suas opções. Hora de dar o passo?,2026-10-07,"14,68",871,303,5,0,"2,87","0,57","0,00"
Matrícula trancada — agendar conversa,Fundo de funil — visitou formulário 14d,3-B · Viu suas opções. Hora de dar o passo?,2026-10-08,"18,63",1086,386,8,0,"2,81","0,74","0,00"
Matrícula trancada — agendar conversa,Fundo de funil — visitou formulário 14d,3-B · Viu suas opções. Hora de dar o passo?,2026-10-09,"23,18",1228,425,9,0,"2,89","0,73","0,00"
Matrícula trancada — agendar conversa,Fundo de funil — visitou formulário 14d,3-B · Viu suas opções. Hora de dar o passo?,2026-10-10,"28,13",1510,519,10,0,"2,91","0,66","0,00"
Matrícula trancada — agendar conversa,Fundo de funil — visitou formulário 14d,3-B · Viu suas opções. Hora de dar o passo?,2026-10-11,"30,50",1880,647,12,0,"2,91","0,64","0,00"
Matrícula trancada — agendar conversa,Fundo de funil — visitou formulário 14d,3-B · Viu suas opções. Hora de dar o passo?,2026-10-12,"31,04",1975,656,14,0,"3,01","0,71","0,00"
Matrícula trancada — agendar conversa,Fundo de funil — visitou formulário 14d,3-B · Viu suas opções. Hora de dar o passo?,2026-10-13,"27,96",1646,578,12,0,"2,85","0,73","0,00"
Matrícula trancada — agendar conversa,Fundo de funil — visitou formulário 14d,3-B · Viu suas opções. Hora de dar o passo?,2026-10-14,"28,35",1530,540,10,0,"2,83","0,65","0,00"
Matrícula trancada — agendar conversa,Fundo de funil — visitou formulário 14d,3-B · Viu suas opções. Hora de dar o passo?,2026-10-15,"20,50",1190,412,9,0,"2,89","0,76","0,00"
Matrícula trancada — agendar conversa,Fundo de funil — visitou formulário 14d,3-B · Viu suas opções. Hora de dar o passo?,2026-10-16,"19,67",1194,398,8,0,"3,00","0,67","0,00"
Matrícula trancada — agendar conversa,Fundo de funil — visitou formulário 14d,3-B · Viu suas opções. Hora de dar o passo?,2026-10-17,"27,07",1592,568,12,0,"2,80","0,75","0,00"
Matrícula trancada — agendar conversa,Fundo de funil — visitou formulário 14d,3-B · Viu suas opções. Hora de dar o passo?,2026-10-18,"29,39",1908,678,15,0,"2,81","0,79","0,00"
Matrícula trancada — agendar conversa,Fundo de funil — visitou formulário 14d,3-B · Viu suas opções. Hora de dar o passo?,2026-10-19,"31,04",2060,690,16,0,"2,99","0,78","0,00"
Matrícula trancada — agendar conversa,Fundo de funil — visitou formulário 14d,3-B · Viu suas opções. Hora de dar o passo?,2026-10-20,"27,71",1650,582,11,0,"2,84","0,67","0,00"
